"Player","Team","Age","Height","Weight","COLLEGE","COUNTRY","DRAFTYR","DRAFT ROUND","DRAFT NUMBER","GP","PTS","REB","AST","NETRTG","OREB%","DREB%","USG%","TS%","AST%"
"A.J. Lawson","DAL","22","6-6","179","South Carolina","Canada","Undrafted","Undrafted","Undrafted","13.0","2.6","0.8","0.1","-10.9","2.8","15.1","18.2","62.2","2.9"
"AJ Green","MIL","23","6-5","190","Northern Iowa","USA","Undrafted","Undrafted","Undrafted","30.0","4.6","1.2","0.6","-5.9","1.6","9.4","16.3","63.3","9.9"
"AJ Griffin","ATL","19","6-6","220","Duke","USA","2022","1","16","60.0","8.8","2.0","1.0","-0.7","2.2","7.8","17.2","57.5","7.0"
"Aaron Gordon","DEN","27","6-8","235","Arizona","USA","2014","1","4","56.0","16.8","6.8","2.9","13.8","9.0","14.4","20.8","63.8","12.6"
"Aaron Holiday","ATL","26","6-0","185","UCLA","USA","2018","1","23","53.0","4.0","1.2","1.2","-0.6","2.7","6.2","12.8","52.9","11.5"
"Aaron Nesmith","IND","23","6-5","215","Vanderbilt","USA","2020","1","14","59.0","9.6","3.7","1.2","-1.7","3.2","12.0","16.6","54.9","6.7"
"Aaron Wiggins","OKC","24","6-5","190","Maryland","USA","2021","2","55","56.0","6.7","3.1","1.3","1.6","5.4","10.9","14.2","58.9","9.1"
"Admiral Schofield","ORL","25","6-5","241","Tennessee","United Kingdom","2019","2","42","31.0","4.2","1.7","0.8","-5.7","4.8","9.6","12.7","62.4","10.1"
"Al Horford","BOS","36","6-9","240","Florida","Dominican Republic","2007","1","3","53.0","9.9","6.3","2.8","6.4","4.0","15.9","11.8","63.7","11.9"
"Alec Burks","DET","31","6-6","214","Colorado","USA","2011","1","12","51.0","12.8","3.1","2.2","-1.0","1.7","12.4","21.8","60.2","15.0"
"Aleksej Pokusevski","OKC","21","7-0","210","None","Serbia","2020","1","17","31.0","8.8","5.1","2.0","-12.6","6.0","16.3","17.9","53.0","13.1"
"Alex Caruso","CHI","29","6-5","186","Texas A&M","USA","Undrafted","Undrafted","Undrafted","57.0","5.6","3.1","3.1","6.1","2.8","10.3","11.0","57.5","16.0"
"Alex Len","SAC","29","7-2","250","Maryland","Ukraine","2013","1","5","16.0","0.8","0.9","0.3","-12.0","7.7","18.3","14.0","55.3","14.3"
"Alize Johnson","SAS","26","6-8","212","Missouri State","USA","2018","2","50","4.0","1.8","2.5","0.3","19.0","6.3","21.1","14.5","50.9","4.2"
"Alondes Williams","BKN","23","6-4","210","Wake Forest","USA","Undrafted","Undrafted","Undrafted","1.0","0.0","1.0","0.0","-53.0","0.0","25.0","14.3","0.0","0.0"
"Alperen Sengun","HOU","20","6-11","243","None","Turkey","2021","1","16","62.0","14.7","8.7","3.8","-8.4","11.0","19.9","21.4","60.4","20.2"
"Amir Coffey","LAC","25","6-7","210","Minnesota","USA","Undrafted","Undrafted","Undrafted","44.0","3.7","1.2","1.2","-8.2","2.7","5.6","12.8","49.1","12.1"
"Andre Drummond","CHI","29","6-11","279","Connecticut","USA","2012","1","9","54.0","6.2","6.7","0.6","3.2","16.0","34.4","19.7","61.8","6.3"
"Andre Iguodala","GSW","39","6-6","215","Arizona","USA","2004","1","9","7.0","1.6","2.1","2.3","5.8","3.0","11.8","8.7","45.8","18.4"
"Andrew Nembhard","IND","23","6-3","191","Gonzaga","Canada","2022","2","31","61.0","8.1","2.7","4.0","-4.2","1.6","8.1","14.7","51.5","19.6"
"Andrew Wiggins","GSW","28","6-7","197","Kansas","Canada","2014","1","1","37.0","17.1","5.0","2.3","5.2","5.0","10.1","21.2","56.4","10.0"
"Anfernee Simons","POR","23","6-3","181","None","USA","2018","1","24","59.0","21.2","2.6","4.1","-1.5","0.8","6.9","24.8","58.7","18.7"
"Anthony Davis","LAL","30","6-10","253","Kentucky","USA","2012","1","1","43.0","25.9","12.5","2.6","3.0","9.7","25.2","27.9","62.6","12.8"
"Anthony Edwards","MIN","21","6-4","225","Georgia","USA","2020","1","1","68.0","24.8","5.9","4.4","0.9","1.6","14.0","29.0","56.6","18.9"
"Anthony Gill","WAS","30","6-8","230","Virginia","USA","Undrafted","Undrafted","Undrafted","45.0","3.2","1.5","0.5","-0.9","5.9","9.0","10.9","65.0","6.8"
"Anthony Lamb","GSW","25","6-6","227","Vermont","USA","Undrafted","Undrafted","Undrafted","50.0","7.0","3.4","1.7","1.3","4.4","12.3","13.6","61.6","12.1"
"Austin Reaves","LAL","24","6-5","197","Oklahoma","USA","Undrafted","Undrafted","Undrafted","50.0","11.2","2.8","2.7","1.4","1.9","7.5","14.4","66.5","12.8"
"Austin Rivers","MIN","30","6-4","200","Duke","USA","2012","1","10","50.0","5.1","1.6","1.5","-5.0","0.5","7.8","10.4","56.9","9.5"
"Ayo Dosunmu","CHI","23","6-5","200","Illinois","USA","2021","2","38","65.0","9.0","3.0","2.6","-3.3","2.5","8.3","14.7","57.5","13.5"
"Bam Adebayo","MIA","25","6-9","255","Kentucky","USA","2017","1","14","64.0","21.0","9.4","3.3","1.7","7.1","21.1","25.4","59.2","15.6"
"Ben Simmons","BKN","26","6-10","240","Louisiana State","Australia","2016","1","1","42.0","6.9","6.3","6.1","2.1","4.0","18.6","14.2","55.9","29.5"
"Bennedict Mathurin","IND","20","6-5","210","Arizona","Canada","2022","1","6","67.0","16.6","4.0","1.4","-2.6","3.6","10.4","24.1","55.9","7.7"
"Bismack Biyombo","PHX","30","6-8","255","None","DRC","2011","1","7","48.0","3.7","3.9","0.9","4.0","7.3","19.3","13.1","54.5","9.2"
"Blake Griffin","BOS","33","6-9","250","Oklahoma","USA","2009","1","1","30.0","4.7","3.5","1.3","9.5","6.3","18.4","13.2","60.6","12.0"
"Blake Wesley","SAS","19","6-4","185","Notre Dame","USA","2022","1","25","22.0","4.7","1.9","1.8","-12.8","1.0","11.2","18.3","42.5","15.5"
"Boban Marjanovic","HOU","34","7-4","290","None","Serbia","Undrafted","Undrafted","Undrafted","24.0","3.3","1.7","0.2","20.1","11.1","23.0","22.1","72.0","6.8"
"Bobby Portis","MIL","28","6-11","250","Arkansas","USA","2015","1","22","56.0","14.0","9.8","1.7","0.4","8.5","26.0","21.0","57.5","10.0"
"Bogdan Bogdanovic","ATL","30","6-5","225","None","Serbia","2014","1","27","42.0","14.4","3.3","3.0","0.0","1.3","9.8","20.1","57.8","13.9"
"Bojan Bogdanovic","DET","33","6-7","226","None","Croatia","2011","2","31","59.0","21.6","3.8","2.6","-8.2","1.8","9.9","25.1","62.7","13.3"
"Bol Bol","ORL","23","7-2","220","Oregon","Sudan","2019","2","44","63.0","9.3","6.0","0.9","-3.9","4.8","21.8","17.3","62.3","6.1"
"Bones Hyland","LAC","22","6-2","169","Virginia Commonwealth","USA","2021","1","26","47.0","11.6","2.2","2.8","-7.8","1.8","10.4","27.5","53.1","23.5"
"Bradley Beal","WAS","29","6-4","207","Florida","USA","2012","1","3","46.0","23.2","3.8","5.4","0.7","2.6","8.7","28.7","59.1","26.1"
"Brandon Boston Jr.","LAC","21","6-6","188","Kentucky","USA","2021","2","51","21.0","6.8","1.4","0.9","-7.4","2.4","9.4","23.6","51.9","12.4"
"Brandon Clarke","MEM","26","6-8","215","Gonzaga","Canada","2019","1","21","56.0","10.0","5.5","1.3","0.7","7.9","17.7","17.4","68.1","10.0"
"Brandon Ingram","NOP","25","6-8","190","Duke","USA","2016","1","2","31.0","22.9","5.0","4.8","0.3","1.2","14.3","30.4","56.9","23.7"
"Braxton Key","DET","26","6-8","225","Virginia","USA","Undrafted","Undrafted","Undrafted","3.0","1.3","0.3","0.0","-4.5","0.0","6.7","9.1","106.4","0.0"
"Brook Lopez","MIL","34","7-1","282","Stanford","USA","2008","1","10","66.0","15.3","6.7","1.3","5.1","6.2","13.6","18.4","61.6","6.0"
"Bruce Brown","DEN","26","6-4","202","Miami","USA","2018","2","42","67.0","11.1","4.0","3.4","0.9","2.8","11.7","16.9","56.9","16.3"
"Bruno Fernando","ATL","24","6-10","240","Maryland","Angola","2019","2","34","33.0","3.9","3.8","0.9","-9.6","12.5","18.9","15.2","56.3","12.7"
"Bryce McGowens","CHA","20","6-6","175","Nebraska","USA","2022","2","40","34.0","3.6","1.8","0.8","-9.3","2.5","8.8","12.2","47.4","7.4"
"Bryn Forbes","MIN","29","6-2","205","Michigan State","USA","Undrafted","Undrafted","Undrafted","25.0","3.6","0.6","0.7","-8.5","1.5","4.0","15.5","49.7","8.7"
"Buddy Boeheim","DET","23","6-6","205","Syracuse","USA","Undrafted","Undrafted","Undrafted","2.0","1.5","0.5","0.0","57.7","0.0","12.5","20.0","50.0","0.0"
"Buddy Hield","IND","30","6-4","220","Oklahoma","Bahamas","2016","1","6","68.0","17.3","5.0","2.7","-1.8","2.7","12.8","20.5","61.5","12.2"
"CJ McCollum","NOP","31","6-3","190","Lehigh","USA","2013","1","10","61.0","21.2","4.4","5.9","-0.9","2.4","10.3","26.8","54.2","25.7"
"Cade Cunningham","DET","21","6-7","220","Oklahoma State","USA","2021","1","1","12.0","19.9","6.2","6.0","-6.1","2.7","14.8","28.7","49.2","30.6"
"Caleb Houstan","ORL","20","6-8","205","Michigan","Canada","2022","2","32","39.0","3.9","2.1","0.5","-3.5","4.4","9.7","10.5","55.1","4.3"
"Caleb Martin","MIA","27","6-5","205","Nevada","USA","Undrafted","Undrafted","Undrafted","58.0","10.2","5.0","1.6","-0.7","4.4","13.1","14.6","57.7","7.9"
"Cam Reddish","POR","23","6-7","217","Duke","USA","2019","1","10","33.0","10.5","2.2","1.7","-5.0","1.7","7.0","17.0","58.0","9.6"
"Cam Thomas","BKN","21","6-3","210","Louisiana State","Japan","2021","1","27","49.0","10.8","1.8","1.5","-0.9","1.0","9.1","26.5","57.3","14.0"
"Cameron Johnson","BKN","27","6-8","210","North Carolina","USA","2019","1","11","29.0","15.1","4.1","1.6","7.4","2.6","12.0","20.8","60.5","8.7"
"Cameron Payne","PHX","28","6-1","183","Murray State","USA","2015","1","14","35.0","11.0","2.3","4.8","2.9","1.3","9.5","24.3","51.0","30.5"
"Caris LeVert","CLE","28","6-6","205","Michigan","USA","2016","1","20","64.0","11.5","3.9","3.9","4.3","2.5","10.8","18.4","51.9","18.6"
"Carlik Jones","CHI","25","6-0","174","Louisville","USA","Undrafted","Undrafted","Undrafted","2.0","1.5","1.5","1.0","6.7","4.0","8.0","14.5","22.2","10.5"
"Cedi Osman","CLE","27","6-7","230","None","Turkey","2015","2","31","65.0","8.5","2.2","1.5","7.0","1.7","9.6","17.6","56.6","10.6"
"Charles Bassey","SAS","22","6-9","230","Western Kentucky","Nigeria","2021","2","53","34.0","5.8","5.7","1.3","-2.7","14.1","23.5","15.3","66.0","12.6"
"Chima Moneke","SAC","27","6-5","223","Cal-Davis","Nigeria","Undrafted","Undrafted","Undrafted","2.0","1.0","1.0","0.5","-57.2","25.0","0.0","25.0","34.7","25.0"
"Chimezie Metu","SAC","25","6-9","225","Southern California","USA","2018","2","49","53.0","5.0","3.1","0.7","8.7","7.1","19.8","15.9","65.8","8.4"
"Chris Boucher","TOR","30","6-9","200","Oregon","Saint Lucia","Undrafted","Undrafted","Undrafted","62.0","9.5","5.7","0.4","-2.2","9.7","19.4","17.6","59.4","3.2"
"Chris Duarte","IND","25","6-5","190","Oregon","Dominican Republic","2021","1","13","44.0","8.0","2.6","1.4","-5.8","1.9","11.0","18.2","49.5","10.3"
"Chris Paul","PHX","37","6-0","175","Wake Forest","USA","2005","1","4","46.0","13.6","4.3","9.1","3.1","1.1","11.9","19.5","55.0","39.6"
"Chris Silva","DAL","26","6-8","234","South Carolina","Gabon","Undrafted","Undrafted","Undrafted","1.0","2.0","0.0","0.0","12.5","0.0","0.0","25.0","100","0.0"
"Christian Braun","DEN","21","6-6","220","Kansas","USA","2022","1","21","62.0","4.2","2.2","0.8","-3.6","4.6","11.2","12.0","58.1","7.2"
"Christian Koloko","TOR","22","7-0","230","Arizona","Cameroon","2022","2","33","46.0","3.4","3.2","0.5","9.2","9.5","11.6","10.3","52.9","4.4"
"Christian Wood","DAL","27","6-9","214","UNLV","USA","Undrafted","Undrafted","Undrafted","56.0","17.1","7.6","1.6","-1.1","5.1","24.9","26.0","62.7","10.5"
"Chuma Okeke","ORL","24","6-8","229","Auburn","USA","2019","1","16","22.0","4.7","3.5","1.2","-8.7","5.0","12.9","11.6","50.9","8.6"
"Clint Capela","ATL","28","6-10","256","None","Switzerland","2014","1","25","52.0","12.0","11.1","0.9","-1.6","14.8","26.2","15.5","63.9","4.3"
"Coby White","CHI","23","6-5","195","North Carolina","USA","2019","1","7","59.0","8.7","2.6","2.2","1.3","0.8","10.5","16.5","54.7","13.4"
"Cody Martin","CHA","27","6-6","205","Nevada","USA","2019","2","36","7.0","5.0","3.4","1.6","-9.7","5.6","10.9","12.1","44.8","11.1"
"Cody Zeller","MIA","30","6-11","240","Indiana","USA","2013","1","4","10.0","4.7","3.5","0.6","-5.6","12.5","14.6","15.5","60.1","7.5"
"Cole Anthony","ORL","22","6-3","185","North Carolina","USA","2020","1","15","48.0","12.3","4.5","4.0","-1.7","2.5","15.1","20.8","56.0","23.7"
"Cole Swider","LAL","23","6-9","220","Syracuse","USA","Undrafted","Undrafted","Undrafted","6.0","1.5","1.2","0.7","2.0","2.4","16.2","9.0","50.0","10.5"
"Collin Sexton","UTA","24","6-2","190","Alabama","USA","2018","1","8","47.0","14.3","2.2","2.9","0.1","3.3","5.6","22.8","62.0","17.6"
"Corey Kispert","WAS","24","6-6","224","Gonzaga","USA","2021","1","15","60.0","9.7","2.7","1.2","-1.3","1.5","8.3","12.6","66.3","5.8"
"Cory Joseph","DET","31","6-3","200","Texas","Canada","2011","1","29","49.0","5.5","1.5","3.3","-1.4","1.3","7.2","14.3","52.9","26.8"
"D'Angelo Russell","LAL","27","6-4","193","Ohio State","USA","2015","1","2","60.0","18.0","3.2","6.2","-0.5","1.8","7.8","22.8","61.0","27.9"
"Daishen Nix","HOU","21","6-4","226","None","USA","Undrafted","Undrafted","Undrafted","47.0","4.4","1.8","2.6","-6.7","1.9","9.2","14.8","46.8","20.2"
"Dalano Banton","TOR","23","6-7","204","Nebraska","Canada","2021","2","46","27.0","4.4","1.3","1.1","-10.3","3.3","11.3","22.0","49.9","18.1"
"Dalen Terry","CHI","20","6-7","195","Arizona","USA","2022","1","18","27.0","1.7","0.7","0.6","-2.4","5.3","8.9","16.3","51.8","17.4"
"Damian Jones","UTA","27","6-11","245","Vanderbilt","USA","2016","1","30","29.0","3.0","2.7","0.3","-13.2","8.0","16.3","11.0","66.9","4.3"
"Damian Lillard","POR","32","6-2","195","Weber State","USA","2012","1","6","54.0","32.1","4.7","7.3","2.7","2.1","11.0","32.9","64.8","33.6"
"Damion Lee","PHX","30","6-5","210","Drexel","USA","Undrafted","Undrafted","Undrafted","67.0","8.4","3.1","1.4","3.8","2.2","12.4","15.2","61.3","9.6"
"Daniel Gafford","WAS","24","6-10","234","Arkansas","USA","2019","2","38","66.0","8.6","5.4","1.0","-1.0","10.4","15.8","14.2","74.7","6.8"
"Daniel Theis","IND","30","6-8","245","None","Germany","Undrafted","Undrafted","Undrafted","7.0","7.0","3.1","1.3","-8.2","5.9","14.7","20.1","49.7","12.5"
"Danny Green","CLE","35","6-6","215","North Carolina","USA","2009","2","46","7.0","3.6","0.7","0.3","-13.3","1.3","4.9","15.3","58.3","3.7"
"Danuel House Jr.","PHI","29","6-6","220","Texas A&M","USA","Undrafted","Undrafted","Undrafted","43.0","4.4","1.7","0.7","-2.0","1.4","10.4","12.2","61.2","7.3"
"Dario Saric","OKC","28","6-10","225","None","Croatia","2014","1","12","49.0","6.6","3.9","1.4","3.0","6.7","20.1","18.7","58.7","13.8"
"Darius Bazley","PHX","22","6-9","216","None","USA","2019","1","23","38.0","5.3","3.4","0.9","-2.4","5.0","15.8","16.0","51.9","8.4"
"Darius Days","HOU","23","6-7","245","Louisiana State","USA","Undrafted","Undrafted","Undrafted","4.0","3.8","1.5","0.3","-0.2","3.4","22.7","21.0","58.2","6.7"
"Darius Garland","CLE","23","6-1","192","Vanderbilt","USA","2019","1","5","59.0","22.1","2.7","7.9","7.8","1.2","6.8","26.3","60.1","33.7"
"David Duke Jr.","BKN","23","6-4","204","Providence","USA","Undrafted","Undrafted","Undrafted","18.0","3.4","1.1","0.9","-2.0","4.7","6.9","18.7","47.7","14.0"
"David Roddy","MEM","21","6-4","255","Colorado State","USA","2022","1","23","54.0","6.4","2.6","0.6","-2.9","3.2","10.7","16.6","52.4","5.4"
"Davion Mitchell","SAC","24","6-0","202","Baylor","USA","2021","1","9","65.0","5.8","1.3","2.2","3.4","1.2","6.1","14.3","56.2","16.7"
"Davis Bertans","DAL","30","6-10","225","None","Latvia","2011","2","42","36.0","4.3","1.0","0.4","-5.5","2.1","7.6","15.1","61.6","6.7"
"Davon Reed","LAL","27","6-5","206","Miami","USA","2017","2","32","39.0","2.2","1.5","0.5","-13.5","3.1","14.6","14.3","46.5","9.3"
"Day'Ron Sharpe","BKN","21","6-9","265","North Carolina","USA","2021","1","29","36.0","4.1","3.8","0.8","-12.2","14.5","19.3","17.2","55.1","10.4"
"De'Aaron Fox","SAC","25","6-3","185","Kentucky","USA","2017","1","5","59.0","25.4","4.2","6.3","3.0","1.5","11.3","28.8","59.8","28.1"
"De'Andre Hunter","ATL","25","6-8","221","Virginia","USA","2019","1","4","58.0","15.7","4.2","1.4","0.2","1.9","11.3","19.4","57.5","6.0"
"De'Anthony Melton","PHI","24","6-2","200","Southern California","USA","2018","2","46","64.0","10.3","4.1","2.7","2.8","3.3","11.8","16.2","57.3","13.9"
"DeAndre Jordan","DEN","34","6-11","265","Texas A&M","USA","2008","2","35","35.0","4.8","4.8","0.9","-8.4","8.9","24.6","13.5","73.5","9.0"
"DeMar DeRozan","CHI","33","6-6","220","Southern California","USA","2009","1","9","61.0","25.0","4.6","5.1","2.6","1.4","11.3","27.6","59.4","22.1"
"Dean Wade","CLE","26","6-9","228","Kansas State","USA","Undrafted","Undrafted","Undrafted","37.0","4.8","3.5","0.9","6.5","2.1","15.0","9.9","56.0","5.9"
"Deandre Ayton","PHX","24","7-0","250","Arizona","Bahamas","2018","1","1","58.0","18.2","10.2","1.9","-0.2","8.8","25.4","23.4","61.9","10.0"
"Dejounte Murray","ATL","26","6-5","180","Washington","USA","2016","1","29","63.0","20.8","5.4","6.0","-0.5","1.9","13.0","24.2","54.5","23.9"
"Delon Wright","WAS","30","6-5","185","Utah","USA","2015","1","20","39.0","7.1","3.3","4.0","3.2","5.2","8.4","12.0","59.7","21.4"
"Deni Avdija","WAS","22","6-9","210","None","Israel","2020","1","9","66.0","8.7","6.2","2.5","-0.5","4.1","19.1","16.0","52.9","13.1"
"Dennis Schroder","LAL","29","6-1","172","None","Germany","2013","1","17","54.0","12.8","2.5","4.7","2.2","0.8","6.7","18.0","54.8","20.2"
"Dennis Smith Jr.","CHA","25","6-2","205","North Carolina State","USA","2017","1","9","48.0","8.9","2.9","4.6","-1.5","1.7","9.0","17.4","48.5","26.5"
"Deonte Burton","SAC","29","6-4","240","Iowa State","USA","Undrafted","Undrafted","Undrafted","2.0","0.0","0.0","0.0","51.8","0.0","0.0","13.3","0.0","0.0"
"Dereon Seabron","NOP","22","6-5","180","North Carolina State","USA","Undrafted","Undrafted","Undrafted","5.0","0.8","0.2","0.0","36.8","6.7","0.0","15.6","40.0","0.0"
"Derrick Jones Jr.","CHI","26","6-6","210","UNLV","USA","Undrafted","Undrafted","Undrafted","51.0","4.9","2.4","0.6","3.9","7.0","9.9","13.2","61.2","5.7"
"Derrick Rose","NYK","34","6-3","200","Memphis","USA","2008","1","1","27.0","5.6","1.5","1.7","-3.5","2.2","8.2","22.0","46.3","20.8"
"Derrick White","BOS","28","6-4","190","Colorado","USA","2017","1","29","68.0","12.1","3.4","3.9","9.9","2.3","9.3","17.4","59.7","19.3"
"Desmond Bane","MEM","24","6-5","215","TCU","USA","2020","1","30","44.0","21.3","5.0","4.2","8.7","2.2","12.5","25.2","59.9","19.9"
"Devin Booker","PHX","26","6-5","206","Kentucky","USA","2015","1","13","40.0","27.7","4.6","5.9","7.3","2.5","10.8","31.4","59.5","26.9"
"Devin Vassell","SAS","22","6-5","200","Florida State","USA","2020","1","11","33.0","18.6","3.8","3.5","-11.6","0.7","12.4","24.1","55.0","17.0"
"Devon Dotson","WAS","23","6-1","185","Kansas","USA","Undrafted","Undrafted","Undrafted","6.0","0.5","1.7","1.3","-5.7","10.7","8.5","10.2","15.0","21.1"
"Devonte' Graham","SAS","28","6-1","195","Kansas","USA","2018","2","34","64.0","7.1","1.6","2.5","-4.7","1.5","7.8","16.4","55.8","20.5"
"Dewayne Dedmon","PHI","33","6-10","245","Southern California","USA","Undrafted","Undrafted","Undrafted","31.0","5.6","3.5","0.5","-10.8","7.3","23.0","20.1","58.2","8.8"
"Dillon Brooks","MEM","27","6-6","225","Oregon","Canada","2017","2","45","60.0","14.3","3.3","2.5","6.2","1.9","8.1","21.6","48.2","11.5"
"Domantas Sabonis","SAC","26","7-1","240","Gonzaga","Lithuania","2016","1","11","64.0","19.0","12.3","7.0","4.3","9.3","28.0","21.2","67.2","28.8"
"Dominick Barlow","SAS","19","6-9","215","None","USA","Undrafted","Undrafted","Undrafted","14.0","3.1","2.6","0.6","-15.3","11.3","12.6","12.0","56.8","7.8"
"Donovan Mitchell","CLE","26","6-1","215","Louisville","USA","2017","1","13","59.0","27.6","4.1","4.7","5.5","2.8","9.4","30.8","61.0","21.9"
"Donte DiVincenzo","GSW","26","6-4","203","Villanova","USA","2018","1","17","58.0","9.3","4.5","3.4","1.7","3.9","12.6","14.4","59.0","17.1"
"Dorian Finney-Smith","BKN","29","6-7","220","Florida","USA","Undrafted","Undrafted","Undrafted","54.0","8.6","4.8","1.5","-0.2","5.2","10.5","12.6","53.2","6.8"
"Doug McDermott","SAS","31","6-6","225","Creighton","USA","2014","1","11","57.0","10.0","2.2","1.5","-7.9","1.5","8.7","18.0","59.2","9.8"
"Draymond Green","GSW","33","6-6","230","Michigan State","USA","2012","2","35","60.0","8.4","7.4","6.9","5.9","2.7","19.1","12.7","59.2","27.0"
"Drew Eubanks","POR","26","6-10","245","Oregon State","USA","Undrafted","Undrafted","Undrafted","66.0","6.1","5.1","1.2","-0.5","8.4","18.1","11.1","69.9","8.4"
"Dru Smith","BKN","25","6-3","203","Missouri","USA","Undrafted","Undrafted","Undrafted","10.0","4.2","1.8","1.5","-3.9","1.6","12.3","14.4","53.2","17.2"
"Duane Washington Jr.","NYK","22","6-2","197","Ohio State","Germany","Undrafted","Undrafted","Undrafted","31.0","7.9","1.2","2.0","-0.5","0.4","8.5","29.8","45.8","26.0"
"Duncan Robinson","MIA","28","6-7","215","Michigan","USA","Undrafted","Undrafted","Undrafted","33.0","6.7","1.8","1.2","-4.8","1.4","9.7","16.8","53.7","10.5"
"Dwight Powell","DAL","31","6-10","240","Stanford","Canada","2014","2","45","63.0","6.8","4.3","0.9","6.1","10.4","12.4","12.2","73.6","6.1"
"Dyson Daniels","NOP","19","6-7","199","None","Australia","2022","1","8","46.0","4.2","3.4","2.5","0.4","3.3","13.6","11.1","50.7","16.9"
"Edmond Sumner","BKN","27","6-4","196","Xavier","USA","2017","2","52","47.0","7.5","1.6","1.4","2.3","1.8","8.6","21.0","59.2","14.0"
"Eric Gordon","LAC","34","6-3","215","Indiana","USA","2008","1","7","57.0","12.6","2.0","2.8","-6.5","0.7","6.0","17.1","57.5","13.7"
"Eugene Omoruyi","DET","26","6-6","235","Oregon","Nigeria","Undrafted","Undrafted","Undrafted","28.0","5.5","2.3","0.5","2.7","7.8","9.8","18.5","54.5","5.3"
"Evan Fournier","NYK","30","6-6","205","None","France","2012","1","20","23.0","6.8","2.0","1.5","0.7","0.9","9.3","18.0","49.0","11.9"
"Evan Mobley","CLE","21","6-11","215","Southern California","USA","2021","1","3","68.0","16.0","8.9","2.7","5.6","7.3","20.1","20.1","58.7","11.8"
"Facundo Campazzo","DAL","31","5-10","195","None","Argentina","Undrafted","Undrafted","Undrafted","8.0","1.3","0.3","1.1","11.0","0.0","4.1","14.4","36.0","30.0"
"Frank Jackson","UTA","24","6-3","205","Duke","USA","2017","2","31","1.0","0.0","2.0","1.0","-22.2","12.5","33.3","25.0","0.0","25.0"
"Frank Kaminsky","HOU","29","7-0","240","Wisconsin","USA","2015","1","9","32.0","2.5","1.4","0.9","-2.1","1.8","21.2","14.7","64.5","19.0"
"Frank Ntilikina","DAL","24","6-4","200","None","France","2017","1","8","41.0","2.3","1.3","1.1","3.6","1.2","9.5","12.3","43.0","12.9"
"Franz Wagner","ORL","21","6-10","220","Michigan","Germany","2021","1","8","67.0","18.8","3.9","3.5","0.5","2.8","9.0","22.9","59.5","16.4"
"Fred VanVleet","TOR","29","6-0","197","Wichita State","USA","Undrafted","Undrafted","Undrafted","56.0","19.1","4.3","7.0","1.3","1.2","11.3","22.1","53.8","27.3"
"Furkan Korkmaz","PHI","25","6-7","202","None","Turkey","2016","1","26","27.0","3.8","1.1","0.7","-4.0","2.2","9.1","17.9","53.5","10.6"
"Gabe Vincent","MIA","26","6-2","200","California-Santa Barbara","USA","Undrafted","Undrafted","Undrafted","55.0","9.3","2.2","2.5","0.9","1.5","7.1","17.1","51.8","13.6"
"Garrett Temple","NOP","36","6-6","195","Louisiana State","USA","Undrafted","Undrafted","Undrafted","20.0","2.1","0.7","0.6","-7.6","2.5","6.4","12.7","49.1","11.8"
"Garrison Mathews","ATL","26","6-6","215","Lipscomb","USA","Undrafted","Undrafted","Undrafted","47.0","4.6","1.3","0.5","-7.1","1.5","7.8","13.4","56.9","5.7"
"Gary Harris","ORL","28","6-4","210","Michigan State","USA","2014","1","19","37.0","8.6","2.2","1.2","-3.1","2.0","7.4","12.8","62.5","6.8"
"Gary Payton II","GSW","30","6-2","195","Oregon State","USA","Undrafted","Undrafted","Undrafted","15.0","4.1","2.6","1.5","4.6","4.5","11.8","9.5","71.3","11.1"
"Gary Trent Jr.","TOR","24","6-5","209","Duke","USA","2018","2","37","59.0","17.7","2.6","1.6","-2.9","1.2","7.1","20.9","55.8","7.5"
"George Hill","IND","36","6-4","188","Indiana-Purdue Indianapolis","USA","2008","1","26","38.0","4.9","1.9","2.5","0.8","1.9","7.4","11.0","58.0","18.5"
"Georges Niang","PHI","29","6-7","230","Iowa State","USA","2016","2","50","64.0","8.4","2.4","1.1","5.4","1.5","10.8","16.5","62.0","7.9"
"Giannis Antetokounmpo","MIL","28","7-0","243","None","Greece","2013","1","15","52.0","31.2","11.9","5.5","7.2","6.6","26.6","37.5","59.8","30.7"
"Goga Bitadze","ORL","23","6-11","250","None","Georgia","2019","1","18","26.0","3.7","2.8","0.9","7.7","11.9","14.9","14.5","57.6","11.9"
"Goran Dragic","MIL","36","6-4","190","None","Slovenia","2008","2","45","51.0","6.4","1.4","2.7","1.2","1.7","7.1","19.6","51.4","23.8"
"Gordon Hayward","CHA","32","6-7","225","Butler","USA","2010","1","9","44.0","14.5","4.4","4.0","-3.3","2.1","11.0","19.4","55.5","17.8"
"Gorgui Dieng","SAS","33","6-10","248","Louisville","Senegal","2013","1","21","22.0","3.1","2.6","1.4","-13.2","7.6","19.3","16.9","49.5","19.6"
"Grant Williams","BOS","24","6-6","236","Tennessee","USA","2019","1","22","65.0","8.4","4.8","1.8","4.8","4.1","13.5","12.6","61.2","8.7"
"Grayson Allen","MIL","27","6-4","198","Duke","USA","2018","1","21","63.0","10.8","3.3","2.4","4.4","3.2","8.1","14.3","61.8","11.2"
"Greg Brown III","POR","21","6-7","206","Texas","USA","2021","2","43","16.0","1.8","1.2","0.2","-3.4","1.9","17.5","17.0","42.1","5.5"
"Hamidou Diallo","DET","24","6-5","202","Kentucky","USA","2018","2","45","56.0","9.3","3.5","1.0","-0.6","5.6","13.6","21.0","59.3","8.8"
"Harrison Barnes","SAC","30","6-8","225","North Carolina","USA","2012","1","7","66.0","15.1","4.7","1.6","4.1","3.2","11.5","16.8","63.2","6.4"
"Haywood Highsmith","MIA","26","6-5","220","Wheeling Jesuit","USA","2018","","","45.0","4.6","3.6","0.7","-5.4","5.0","13.5","11.8","52.1","5.5"
"Herbert Jones","NOP","24","6-7","206","Alabama","USA","2021","2","35","52.0","9.5","4.0","2.4","1.4","4.8","9.4","14.7","54.5","10.7"
"Immanuel Quickley","NYK","23","6-2","190","Kentucky","USA","2020","1","25","69.0","13.5","4.1","3.2","5.0","2.4","10.8","19.0","56.9","16.9"
"Isaac Okoro","CLE","22","6-5","225","Auburn","USA","2020","1","5","70.0","6.6","2.5","1.2","5.0","3.4","8.6","12.0","61.3","7.2"
"Isaiah Hartenstein","NYK","24","7-0","250","None","Germany","2017","2","43","70.0","4.9","6.6","0.9","5.7","13.1","18.4","10.8","55.8","6.3"
"Isaiah Jackson","IND","21","6-9","205","Kentucky","USA","2021","1","22","50.0","6.7","4.1","0.9","-5.2","9.4","16.1","16.5","59.9","8.4"
"Isaiah Joe","OKC","23","6-3","165","Arkansas","USA","2020","2","49","60.0","9.0","2.3","1.2","7.9","1.7","11.3","16.6","65.3","9.1"
"Isaiah Livers","DET","24","6-6","232","Michigan","USA","2021","2","42","45.0","6.4","2.5","0.8","-7.8","2.0","9.2","11.6","56.3","4.7"
"Isaiah Mobley","CLE","23","6-8","238","Southern California","USA","2022","2","49","8.0","1.1","1.4","0.0","49.3","5.0","27.8","14.3","56.3","0.0"
"Isaiah Roby","SAS","25","6-8","230","Nebraska","USA","2019","2","45","42.0","4.1","2.6","0.9","-10.4","4.0","18.8","17.3","49.7","11.4"
"Isaiah Stewart","DET","21","6-8","250","Washington","USA","2020","1","16","50.0","11.3","8.1","1.4","-8.0","7.8","20.2","17.0","56.0","7.3"
"Isaiah Todd","WAS","21","6-9","219","None","USA","2021","2","31","4.0","0.5","0.0","0.0","-14.8","0.0","0.0","13.3","25.0","0.0"
"Ish Smith","DEN","34","6-0","175","Wake Forest","USA","Undrafted","Undrafted","Undrafted","34.0","2.7","1.3","2.2","-4.8","1.4","12.2","18.4","44.7","33.6"
"Ish Wainright","PHX","28","6-5","250","Baylor","USA","Undrafted","Undrafted","Undrafted","49.0","4.3","2.2","0.9","7.3","5.2","8.3","11.9","53.3","8.2"
"Ivica Zubac","LAC","25","7-0","240","None","Croatia","2016","2","32","63.0","10.2","10.0","1.0","-2.4","11.8","23.0","14.4","65.4","5.1"
"JD Davison","BOS","20","6-1","195","Alabama","USA","2022","2","53","7.0","0.9","0.7","0.4","-26.7","5.6","22.2","26.1","27.3","25.0"
"JT Thor","CHA","20","6-9","203","Auburn","USA","2021","2","37","57.0","2.6","1.8","0.4","-6.0","4.5","10.5","11.5","45.4","5.4"
"Ja Morant","MEM","23","6-2","174","Murray State","USA","2019","1","2","53.0","27.1","6.0","8.2","7.1","3.2","13.7","34.3","55.5","41.7"
"JaMychal Green","GSW","32","6-9","227","Alabama","USA","Undrafted","Undrafted","Undrafted","48.0","6.6","3.7","0.9","-9.7","8.4","16.9","17.4","63.7","9.4"
"JaVale McGee","DAL","35","7-0","270","Nevada","USA","2008","1","18","36.0","4.1","2.6","0.3","-14.8","9.5","21.7","21.8","61.2","5.6"
"Jabari Smith Jr.","HOU","19","6-11","220","Auburn","USA","2022","1","3","64.0","12.2","7.1","1.2","-12.0","4.3","18.4","18.3","50.7","5.9"
"Jabari Walker","POR","20","6-7","200","Colorado","USA","2022","2","57","44.0","2.7","2.0","0.5","-2.3","9.0","13.2","14.0","51.0","7.9"
"Jack White","DEN","25","6-7","225","Duke","Australia","Undrafted","Undrafted","Undrafted","16.0","1.2","0.6","0.2","-31.3","5.6","14.0","14.3","54.8","9.7"
"Jaden Hardy","DAL","20","6-3","198","None","USA","2022","2","37","34.0","7.0","1.3","0.9","-5.6","0.7","10.1","24.0","56.0","12.0"
"Jaden Ivey","DET","21","6-4","195","Purdue","USA","2022","1","5","62.0","15.4","3.9","4.9","-12.3","3.1","9.8","24.4","52.4","25.6"
"Jaden McDaniels","MIN","22","6-9","185","Washington","USA","2020","1","28","65.0","11.6","3.9","2.0","2.5","4.2","8.2","15.0","60.9","8.7"
"Jaden Springer","PHI","20","6-4","202","Tennessee","USA","2021","1","28","8.0","2.1","1.0","0.3","-27.9","18.5","10.0","23.2","57.6","14.3"
"Jae Crowder","MIL","32","6-6","235","Marquette","USA","2012","2","34","9.0","5.7","4.1","1.3","8.8","5.4","13.6","11.3","62.3","9.6"
"Jae'Sean Tate","HOU","27","6-5","230","Ohio State","USA","Undrafted","Undrafted","Undrafted","27.0","9.1","3.9","2.6","-9.3","5.7","11.4","17.8","53.7","17.3"
"Jake LaRavia","MEM","21","6-7","235","Wake Forest","USA","2022","1","19","32.0","3.1","1.9","0.7","-7.4","4.2","10.3","11.9","53.2","7.3"
"Jakob Poeltl","TOR","27","7-1","245","Utah","Austria","2016","1","9","58.0","12.7","9.1","2.9","-6.5","11.6","23.8","18.3","63.8","16.0"
"Jalen Brunson","NYK","26","6-2","190","Villanova","USA","2018","2","33","62.0","23.8","3.6","6.1","2.1","1.7","8.4","26.4","59.5","27.9"
"Jalen Duren","DET","19","6-11","250","Memphis","USA","2022","1","13","54.0","8.6","8.8","1.1","-9.4","12.7","22.1","13.0","64.8","6.5"
"Jalen Green","HOU","21","6-4","186","None","USA","2021","1","2","61.0","21.7","3.8","3.6","-9.8","1.4","9.7","27.9","53.5","17.2"
"Jalen Johnson","ATL","21","6-8","219","Duke","USA","2021","1","20","63.0","5.2","3.9","1.0","0.1","4.9","21.2","14.7","55.2","9.2"
"Jalen McDaniels","PHI","25","6-9","205","San Diego State","USA","2019","2","52","69.0","9.8","4.6","1.7","-4.0","3.2","14.7","16.7","55.5","9.8"
"Jalen Smith","IND","22","6-9","215","Maryland","USA","2020","1","10","56.0","9.2","5.7","0.9","-3.8","8.9","20.3","20.3","56.4","7.2"
"Jalen Suggs","ORL","21","6-5","205","Gonzaga","USA","2021","1","5","43.0","9.7","3.0","3.3","-2.8","4.5","7.9","19.4","52.4","19.7"
"Jalen Williams","OKC","21","6-5","211","Santa Clara","USA","2022","1","12","62.0","13.4","4.3","3.2","-0.3","3.3","10.6","17.7","59.5","14.9"
"Jamal Cain","MIA","23","6-6","191","Oakland","USA","Undrafted","Undrafted","Undrafted","15.0","4.4","2.6","0.6","-0.2","6.4","13.6","13.6","57.9","8.0"
"Jamal Murray","DEN","26","6-4","215","Kentucky","Canada","2016","1","7","54.0","20.1","4.0","5.9","6.9","2.6","9.9","25.9","56.4","25.4"
"Jamaree Bouyea","WAS","23","6-2","180","San Francisco","USA","Undrafted","Undrafted","Undrafted","5.0","3.0","1.2","0.8","-13.2","1.6","8.6","12.0","50.4","9.1"
"James Bouknight","CHA","22","6-4","190","Connecticut","USA","2021","1","11","26.0","4.3","2.0","1.1","-2.8","1.3","12.0","17.5","42.1","11.2"
"James Harden","PHI","33","6-5","220","Arizona State","USA","2009","1","3","50.0","21.8","6.2","10.8","6.7","1.9","15.6","24.8","62.3","44.7"
"James Johnson","IND","36","6-7","240","Wake Forest","USA","2009","1","16","13.0","2.6","1.6","0.8","7.8","1.5","17.3","14.4","46.2","11.5"
"James Wiseman","DET","21","7-0","240","Memphis","USA","2020","1","2","31.0","8.8","5.1","0.6","-13.9","7.6","23.2","20.0","63.3","6.1"
"Jared Butler","OKC","22","6-3","193","Baylor","USA","2021","2","40","2.0","2.5","0.5","2.0","-12.7","0.0","4.0","14.0","62.5","28.6"
"Jared Rhoden","DET","23","6-6","210","Seton Hall","USA","Undrafted","Undrafted","Undrafted","4.0","2.0","2.0","0.0","8.5","15.2","13.0","11.3","44.4","0.0"
"Jaren Jackson Jr.","MEM","23","6-10","242","Michigan State","USA","2018","1","4","49.0","17.0","6.6","0.9","11.7","5.4","15.8","22.8","59.7","4.3"
"Jarred Vanderbilt","LAL","23","6-8","214","Kentucky","USA","2018","2","41","64.0","8.2","7.8","2.6","-1.7","9.3","22.7","14.0","60.9","14.7"
"Jarrett Allen","CLE","24","6-9","243","Texas","USA","2017","1","22","62.0","14.4","9.8","1.7","7.3","10.2","21.3","16.2","67.3","7.3"
"Jarrett Culver","ATL","24","6-6","195","Texas Tech","USA","2019","1","6","10.0","4.4","3.8","0.6","-5.7","6.5","21.9","16.4","45.2","5.5"
"Jason Preston","LAC","23","6-3","181","Ohio","USA","2021","2","33","13.0","3.2","1.7","2.1","-0.9","1.4","17.9","16.8","48.9","31.4"
"Javonte Green","CHI","29","6-5","205","Radford","USA","Undrafted","Undrafted","Undrafted","28.0","5.9","2.9","0.8","6.9","5.7","11.9","13.2","66.7","6.6"
"Jaxson Hayes","NOP","22","7-0","220","Texas","USA","2019","1","8","41.0","5.5","3.0","0.8","-6.0","5.7","15.3","14.9","61.8","9.3"
"Jaylen Brown","BOS","26","6-6","223","California","USA","2016","1","3","56.0","26.3","6.9","3.4","4.6","3.3","15.3","30.4","58.1","15.8"
"Jaylen Nowell","MIN","23","6-4","201","Washington","USA","2019","2","43","62.0","10.9","2.6","2.0","0.5","2.8","10.7","23.7","52.7","15.4"
"Jaylin Williams","OKC","20","6-9","240","Arkansas","USA","2022","2","34","36.0","5.8","4.8","1.5","-3.2","4.4","23.3","13.7","55.8","10.8"
"Jayson Tatum","BOS","25","6-8","210","Duke","USA","2017","1","3","63.0","30.4","8.9","4.7","8.2","3.1","20.0","32.1","60.4","20.9"
"Jeff Dowtin Jr.","TOR","25","6-3","177","Rhode Island","USA","Undrafted","Undrafted","Undrafted","18.0","2.4","0.9","0.9","-2.0","3.4","6.5","12.6","49.2","14.4"
"Jeff Green","DEN","36","6-8","235","Georgetown","USA","2007","1","5","44.0","7.8","2.6","1.1","-9.9","3.5","9.6","16.9","57.2","8.8"
"Jerami Grant","POR","29","6-8","210","Syracuse","USA","2014","2","39","63.0","20.5","4.5","2.4","-1.2","2.5","10.4","22.7","60.6","10.3"
"Jeremiah Robinson-Earl","OKC","22","6-8","240","Villanova","USA","2021","2","32","34.0","7.4","4.5","1.0","-2.6","8.7","12.9","14.4","55.8","6.5"
"Jeremy Sochan","SAS","19","6-8","230","Baylor","Poland","2022","1","9","53.0","10.7","5.2","2.6","-7.3","6.1","13.5","19.1","50.3","13.1"
"Jericho Sims","NYK","24","6-10","250","Texas","USA","2021","2","58","49.0","3.5","4.7","0.5","-6.0","11.7","17.6","7.5","77.4","4.4"
"Jevon Carter","MIL","27","6-1","200","West Virginia","USA","2018","2","32","67.0","8.0","2.6","2.5","3.5","1.9","8.7","14.8","56.5","15.1"
"Jimmy Butler","MIA","33","6-7","230","Marquette","USA","2011","1","30","54.0","22.6","6.0","5.1","1.6","7.0","12.1","24.8","63.6","25.2"
"Jock Landale","PHX","27","6-11","255","St. Mary's","Australia","Undrafted","Undrafted","Undrafted","58.0","6.4","4.1","0.9","7.4","11.6","16.5","18.1","58.9","9.4"
"Joe Harris","BKN","31","6-6","220","Virginia","USA","2014","2","33","61.0","7.9","2.3","1.4","-1.4","1.6","8.5","13.9","61.8","8.9"
"Joe Ingles","MIL","35","6-9","220","None","Australia","Undrafted","Undrafted","Undrafted","34.0","7.0","3.1","3.1","5.3","1.3","11.0","12.5","59.7","17.6"
"Joe Wieskamp","TOR","23","6-6","205","Iowa","USA","2021","2","41","3.0","3.0","0.7","0.3","-8.1","0.0","7.1","15.3","56.3","6.3"
"Joel Embiid","PHI","28","7-0","280","Kansas","Cameroon","2014","1","3","54.0","33.4","10.0","4.1","7.8","5.7","23.6","37.0","64.8","22.9"
"John Butler Jr.","POR","20","7-0","190","Florida State","USA","Undrafted","Undrafted","Undrafted","9.0","0.2","0.2","0.1","7.0","3.0","3.3","6.7","20.0","4.8"
"John Collins","ATL","25","6-9","226","Wake Forest","USA","2017","1","19","58.0","12.8","6.6","1.2","0.5","3.3","18.4","16.7","58.5","5.1"
"John Konchar","MEM","26","6-5","210","Indiana-Purdue Fort Wayne","USA","Undrafted","Undrafted","Undrafted","58.0","5.6","4.4","1.4","8.8","3.6","15.1","10.2","56.1","7.7"
"John Wall","LAC","32","6-3","210","Kentucky","USA","2010","1","1","34.0","11.4","2.7","5.2","-6.6","1.8","9.6","25.9","49.7","38.0"
"Johnny Davis","WAS","21","6-4","195","Wisconsin","USA","2022","1","10","14.0","1.1","0.6","0.2","-13.9","1.3","11.5","13.0","41.4","8.1"
"Johnny Juzang","UTA","21","6-6","209","UCLA","USA","Undrafted","Undrafted","Undrafted","6.0","4.5","1.0","0.2","-30.2","2.1","5.2","17.8","45.2","2.6"
"Jonas Valanciunas","NOP","30","6-11","265","None","Lithuania","2011","1","5","65.0","14.0","9.6","1.7","-3.2","11.3","28.1","22.8","61.4","10.6"
"Jonathan Isaac","ORL","25","6-10","230","Florida State","USA","2017","1","6","11.0","5.0","4.0","0.5","-5.8","9.9","25.0","19.8","48.3","8.5"
"Jonathan Kuminga","GSW","20","6-7","225","None","DRC","2021","1","7","54.0","9.2","3.3","1.8","-2.4","4.8","11.7","19.6","57.5","13.0"
"Jordan Clarkson","UTA","30","6-5","194","Missouri","USA","2014","2","46","61.0","20.8","4.0","4.4","0.8","3.6","8.3","27.3","55.8","20.9"
"Jordan Goodwin","WAS","24","6-3","200","St. Louis","USA","Undrafted","Undrafted","Undrafted","48.0","5.8","3.2","2.5","-5.0","5.2","12.7","15.0","53.5","20.7"
"Jordan Hall","SAS","21","6-7","215","St. Joseph's (PA)","USA","Undrafted","Undrafted","Undrafted","9.0","3.1","1.3","1.2","-13.1","3.3","12.9","19.7","43.8","22.0"
"Jordan McLaughlin","MIN","26","6-0","185","Southern California","USA","Undrafted","Undrafted","Undrafted","31.0","3.6","1.5","2.9","8.6","2.9","6.4","11.2","50.7","23.1"
"Jordan Nwora","IND","24","6-9","225","Louisville","USA","2020","2","45","48.0","7.1","3.2","1.2","-7.5","4.4","14.1","18.2","54.5","10.3"
"Jordan Poole","GSW","23","6-4","194","Michigan","USA","2019","1","28","68.0","20.6","2.8","4.6","-2.1","1.4","7.3","28.1","56.5","23.3"
"Jordan Schakel","WAS","24","6-6","200","San Diego State","USA","Undrafted","Undrafted","Undrafted","2.0","1.5","0.0","0.5","50.0","0.0","0.0","15.4","75.0","16.7"
"Jose Alvarado","NOP","24","6-0","179","Georgia Tech","USA","Undrafted","Undrafted","Undrafted","61.0","9.0","2.3","3.0","3.7","2.2","8.7","19.1","52.5","19.9"
"Josh Christopher","HOU","21","6-4","215","Arizona State","USA","2021","1","24","49.0","5.3","1.1","1.0","-16.6","2.1","7.9","20.9","52.4","14.7"
"Josh Giddey","OKC","20","6-8","216","None","Australia","2021","1","6","63.0","16.2","7.8","6.2","-2.7","6.0","18.8","23.8","53.5","29.2"
"Josh Green","DAL","22","6-7","200","Arizona","Australia","2020","1","18","48.0","9.0","2.9","1.6","3.4","3.7","8.7","14.1","64.8","9.2"
"Josh Hart","NYK","28","6-4","215","Villanova","USA","2017","1","30","64.0","9.8","7.9","3.8","5.5","6.0","18.4","12.4","61.4","15.5"
"Josh Minott","MIN","20","6-8","205","Memphis","USA","2022","2","45","12.0","2.9","1.8","0.3","20.0","7.1","20.2","16.8","57.1","5.0"
"Josh Okogie","PHX","24","6-4","213","Georgia Tech","Nigeria","2018","1","20","57.0","7.0","3.3","1.2","7.6","8.6","10.2","18.3","54.2","9.8"
"Josh Richardson","NOP","29","6-6","200","Tennessee","USA","2015","2","40","51.0","11.2","2.8","3.0","-7.4","2.7","8.8","19.2","55.6","17.6"
"Joshua Primo","SAS","20","6-6","189","Alabama","Canada","2021","1","12","4.0","7.0","3.3","4.5","1.7","1.9","11.3","17.3","46.7","23.7"
"Jrue Holiday","MIL","32","6-5","205","UCLA","USA","2009","1","17","55.0","19.7","5.1","7.3","7.7","3.3","10.8","24.7","58.1","32.1"
"Juan Toscano-Anderson","UTA","29","6-6","209","Marquette","USA","Undrafted","Undrafted","Undrafted","38.0","2.5","2.2","0.9","-11.4","3.5","13.7","10.1","51.9","9.9"
"Juancho Hernangomez","TOR","27","6-9","214","None","Spain","2016","1","15","42.0","2.9","2.9","0.6","0.5","4.2","16.9","9.2","50.4","5.1"
"Julian Champagnie","SAS","21","6-7","217","St. John's","USA","Undrafted","Undrafted","Undrafted","4.0","3.3","1.3","0.3","-7.5","3.1","13.8","14.9","59.1","4.8"
"Julius Randle","NYK","28","6-8","250","Kentucky","USA","2014","1","7","70.0","25.3","10.3","4.1","2.4","5.3","22.8","28.6","58.1","18.4"
"Justin Champagnie","TOR","21","6-6","206","Pittsburgh","USA","Undrafted","Undrafted","Undrafted","3.0","2.0","1.3","0.3","-3.7","10.0","42.9","13.0","100","12.5"
"Justin Holiday","DAL","33","6-6","180","Washington","USA","Undrafted","Undrafted","Undrafted","36.0","4.6","1.0","0.9","-9.4","0.5","5.8","13.0","51.0","8.4"
"Justin Jackson","BOS","27","6-8","220","North Carolina","USA","2017","1","15","23.0","0.9","0.7","0.4","-28.3","1.7","11.9","12.2","35.9","14.5"
"Justise Winslow","POR","26","6-6","222","Duke","USA","2015","1","10","29.0","6.8","5.0","3.4","-2.6","6.2","12.3","13.9","46.6","17.7"
"Jusuf Nurkic","POR","28","7-0","290","None","Bosnia and Herzegovina","2014","1","16","48.0","13.2","9.1","2.9","0.8","8.5","26.2","21.9","58.8","15.9"
"KZ Okpala","SAC","23","6-8","215","Stanford","USA","2019","2","32","35.0","1.3","1.0","0.4","1.5","2.8","10.2","8.1","55.4","6.5"
"Kai Jones","CHA","22","6-11","221","Texas","Bahamas","2021","1","19","35.0","2.7","2.1","0.2","3.0","7.8","13.5","12.0","58.7","2.7"
"Karl-Anthony Towns","MIN","27","7-0","248","Kentucky","USA","2015","1","1","21.0","20.8","8.2","5.3","-0.9","5.0","17.8","24.4","62.5","23.5"
"Kawhi Leonard","LAC","31","6-7","225","San Diego State","USA","2011","1","15","41.0","23.6","6.3","3.9","5.6","3.6","15.5","26.7","62.3","19.2"
"Keegan Murray","SAC","22","6-8","225","Iowa","USA","2022","1","4","64.0","11.7","4.5","1.2","2.2","4.0","12.0","15.3","58.9","5.1"
"Keita Bates-Diop","SAS","27","6-8","229","Ohio State","USA","2018","2","48","53.0","8.6","3.5","1.4","-9.3","4.7","11.8","15.8","58.1","9.1"
"Keldon Johnson","SAS","23","6-5","220","Kentucky","USA","2019","1","29","57.0","21.6","4.9","2.9","-12.4","2.4","12.9","27.1","55.1","13.7"
"Kelly Olynyk","UTA","31","6-11","240","Gonzaga","Canada","2013","1","13","56.0","12.1","5.6","3.3","1.7","4.3","14.5","17.2","64.3","15.5"
"Kelly Oubre Jr.","CHA","27","6-6","203","Kansas","USA","2015","1","15","44.0","20.4","5.3","1.1","-7.4","4.0","12.2","25.5","53.2","5.6"
"Kemba Walker","DAL","32","6-0","184","Connecticut","USA","2011","1","9","9.0","8.0","1.8","2.1","-1.9","2.0","9.0","21.5","54.3","21.6"
"Kendall Brown","IND","19","6-7","205","Baylor","USA","2022","2","48","6.0","1.5","1.0","0.5","8.2","5.1","8.9","9.3","57.1","9.1"
"Kendrick Nunn","WAS","27","6-3","190","Oakland","USA","Undrafted","Undrafted","Undrafted","58.0","6.6","1.5","1.2","0.0","1.5","8.4","21.6","51.8","12.2"
"Kennedy Chandler","MEM","20","5-11","170","Tennessee","USA","2022","2","38","28.0","2.2","1.1","1.7","-8.7","2.7","10.3","15.2","41.9","29.2"
"Kenneth Lofton Jr.","MEM","20","6-6","275","Louisiana Tech","USA","Undrafted","Undrafted","Undrafted","12.0","1.8","0.4","0.7","-41.7","2.1","11.8","26.5","45.5","47.1"
"Kenrich Williams","OKC","28","6-6","210","TCU","USA","Undrafted","Undrafted","Undrafted","53.0","8.0","4.9","2.0","4.1","7.5","13.7","13.4","58.5","11.7"
"Kentavious Caldwell-Pope","DEN","30","6-5","204","Georgia","USA","2013","1","8","65.0","11.2","2.8","2.5","11.4","1.6","7.5","13.6","61.5","9.4"
"Kenyon Martin Jr.","HOU","22","6-7","215","None","USA","2020","2","52","67.0","12.2","5.5","1.6","-7.4","5.2","15.1","16.1","63.0","8.5"
"Keon Ellis","SAC","23","6-3","175","Alabama","USA","Undrafted","Undrafted","Undrafted","10.0","1.9","0.7","0.3","1.8","8.6","12.9","14.3","83.9","11.5"
"Keon Johnson","POR","21","6-3","185","Tennessee","USA","2021","1","21","35.0","4.0","1.1","1.1","-12.1","2.5","9.0","23.2","45.1","19.1"
"Kessler Edwards","SAC","22","6-7","203","Pepperdine","USA","2021","2","44","20.0","1.5","1.3","0.3","8.2","6.2","14.2","13.1","39.7","5.3"
"Kevin Durant","PHX","34","6-10","240","Texas","USA","2007","1","2","42.0","29.5","6.8","5.2","7.1","1.2","16.7","30.7","68.1","23.4"
"Kevin Huerter","SAC","24","6-7","198","Maryland","USA","2018","1","19","63.0","15.0","3.3","2.9","4.4","2.0","9.5","19.3","61.8","13.2"
"Kevin Knox II","POR","23","6-7","215","Kentucky","USA","2018","1","9","50.0","5.1","2.4","0.3","-7.5","3.4","14.5","15.6","61.4","3.9"
"Kevin Love","MIA","34","6-8","251","UCLA","USA","2008","1","5","50.0","8.2","6.9","1.8","2.9","5.3","29.7","18.1","54.7","12.7"
"Kevin Porter Jr.","HOU","22","6-4","203","Southern California","USA","2019","1","30","45.0","18.5","5.4","5.7","-8.6","3.8","12.0","24.6","54.7","27.0"
"Kevon Harris","ORL","25","6-6","216","Stephen F. Austin","USA","Undrafted","Undrafted","Undrafted","27.0","3.6","2.0","0.4","2.2","6.6","8.7","12.5","54.6","4.9"
"Kevon Looney","GSW","27","6-9","222","UCLA","USA","2015","1","30","68.0","7.0","9.0","2.4","3.4","12.9","24.2","10.3","65.5","13.5"
"Khem Birch","SAS","30","6-8","233","UNLV","Canada","Undrafted","Undrafted","Undrafted","20.0","2.2","1.3","0.4","2.8","5.1","11.8","11.3","62.9","6.3"
"Khris Middleton","MIL","31","6-7","222","Texas A&M","USA","2012","2","39","24.0","13.8","4.2","4.5","6.8","3.6","12.2","25.8","53.1","28.5"
"Killian Hayes","DET","21","6-5","195","None","France","2020","1","7","62.0","9.5","2.8","6.0","-10.5","1.1","9.4","19.7","44.4","32.9"
"Kira Lewis Jr.","NOP","21","6-1","170","Alabama","USA","2020","1","13","20.0","5.2","1.6","0.9","11.3","2.4","11.2","19.8","56.6","11.8"
"Klay Thompson","GSW","33","6-6","220","Washington State","USA","2011","1","11","56.0","22.0","4.1","2.5","2.4","2.0","9.8","26.1","57.3","11.2"
"Kris Dunn","UTA","28","6-3","205","Providence","USA","2016","1","5","8.0","11.9","4.6","4.4","-12.4","2.9","16.0","20.0","59.1","32.7"
"Kristaps Porzingis","WAS","27","7-3","240","None","Latvia","2015","1","4","58.0","22.9","8.5","2.6","1.2","6.0","19.3","27.0","62.3","12.0"
"Kyle Anderson","MIN","29","6-9","230","UCLA","USA","2014","1","30","55.0","8.9","5.0","4.3","2.8","3.0","15.3","14.1","59.7","20.9"
"Kyle Kuzma","WAS","27","6-9","221","Utah","USA","2017","1","27","62.0","21.2","7.3","3.8","1.2","2.6","17.2","27.2","54.3","16.5"
"Kyle Lowry","MIA","36","6-0","196","Villanova","USA","2006","1","24","45.0","12.0","4.3","5.2","-1.3","2.4","11.0","16.6","55.4","22.7"
"Kyrie Irving","DAL","30","6-2","195","Duke","Australia","2011","1","1","51.0","27.2","5.1","5.6","5.1","3.0","10.8","28.9","61.2","23.5"
"LaMelo Ball","CHA","21","6-7","180","None","USA","2020","1","3","36.0","23.3","6.4","8.4","-4.7","3.1","14.7","28.9","54.1","35.2"
"Lamar Stevens","CLE","25","6-6","230","Penn State","USA","Undrafted","Undrafted","Undrafted","50.0","5.4","3.2","0.6","2.6","4.6","13.8","13.5","53.7","4.3"
"Landry Shamet","PHX","25","6-4","190","Wichita State","USA","2018","1","26","30.0","9.5","1.7","2.2","-0.5","1.2","6.9","19.2","54.6","15.7"
"Larry Nance Jr.","NOP","30","6-8","245","Wyoming","USA","2015","1","27","51.0","7.6","5.8","1.9","7.2","8.3","18.9","12.6","65.5","11.6"
"Lauri Markkanen","UTA","25","7-0","240","Arizona","Finland","2017","1","7","61.0","25.2","8.6","1.8","4.2","5.4","18.3","25.4","64.7","8.5"
"LeBron James","LAL","38","6-9","250","None","USA","2003","1","1","47.0","29.5","8.4","6.9","3.6","3.4","19.1","32.3","58.3","31.3"
"Leandro Bolmaro","UTA","22","6-6","200","None","Argentina","2020","1","23","14.0","0.4","0.5","0.5","0.7","5.1","4.0","15.5","15.0","12.1"
"Lindell Wigginton","MIL","24","6-1","189","Iowa State","Canada","2019","","","1.0","0.0","0.0","0.0","-133.3","0.0","0.0","0.0","0.0","0.0"
"Lindy Waters III","OKC","25","6-6","210","Oklahoma State","USA","Undrafted","Undrafted","Undrafted","31.0","5.2","1.8","0.7","12.8","2.0","12.0","15.4","59.2","8.2"
"Lonnie Walker IV","LAL","24","6-4","204","Miami","USA","2018","1","18","49.0","12.7","2.1","1.3","-7.2","1.0","6.9","19.8","56.9","7.3"
"Luguentz Dort","OKC","23","6-4","220","Arizona State","Canada","Undrafted","Undrafted","Undrafted","61.0","13.8","4.2","2.2","1.4","4.7","8.7","19.8","52.1","9.6"
"Luka Doncic","DAL","24","6-7","230","None","Slovenia","2018","1","3","57.0","33.0","8.6","8.0","2.5","2.4","22.6","37.2","61.3","41.6"
"Luka Garza","MIN","24","6-10","243","Iowa","USA","2021","2","52","24.0","6.8","2.4","0.6","4.3","13.4","13.5","25.0","65.2","9.5"
"Luke Kennard","MEM","26","6-5","206","Duke","USA","2017","1","12","45.0","7.7","2.4","1.2","3.6","0.8","10.1","14.2","62.8","8.1"
"Luke Kornet","BOS","27","7-2","250","Vanderbilt","USA","Undrafted","Undrafted","Undrafted","56.0","3.7","2.8","0.7","4.0","10.8","12.2","10.6","72.1","8.2"
"Malachi Flynn","TOR","24","6-1","175","San Diego State","USA","2020","1","29","43.0","4.8","1.5","1.5","-5.7","2.3","9.6","16.0","49.2","15.5"
"Malaki Branham","SAS","19","6-4","180","Ohio State","USA","2022","1","20","52.0","9.1","2.4","2.0","-12.2","1.7","8.9","17.8","52.7","12.3"
"Malcolm Brogdon","BOS","30","6-4","229","Virginia","USA","2016","2","36","57.0","14.6","4.2","3.7","3.7","2.4","14.1","22.1","62.1","22.7"
"Malcolm Hill","CHI","27","6-6","220","Illinois","USA","Undrafted","Undrafted","Undrafted","5.0","1.0","0.6","0.0","39.1","0.0","21.4","16.7","62.5","0.0"
"Malik Beasley","LAL","26","6-4","187","Florida State","USA","2016","1","19","67.0","13.0","3.6","1.6","-1.6","1.6","11.5","20.7","52.7","9.0"
"Malik Monk","SAC","25","6-3","200","Kentucky","USA","2017","1","11","63.0","13.7","2.6","3.9","0.7","2.1","9.5","24.8","59.0","25.5"
"Mamadi Diakite","CLE","26","6-9","228","Virginia","Guinea","Undrafted","Undrafted","Undrafted","16.0","1.6","0.8","0.1","-4.3","3.5","9.6","15.3","50.0","3.4"
"MarJon Beauchamp","MIL","22","6-7","199","None","USA","2022","1","24","41.0","5.3","2.2","0.6","-6.0","5.3","9.4","17.7","50.3","6.6"
"Marcus Morris Sr.","LAC","33","6-8","218","Kansas","USA","2011","1","14","59.0","11.7","4.1","1.8","-0.2","1.6","13.0","18.0","54.2","9.0"
"Marcus Smart","BOS","29","6-4","220","Oklahoma State","USA","2014","1","6","51.0","11.4","3.3","6.5","4.9","2.3","7.8","17.4","53.7","26.6"
"Mark Williams","CHA","21","7-0","240","Duke","USA","2022","1","15","37.0","8.2","6.4","0.4","-3.3","10.7","22.2","16.7","66.3","3.4"
"Markelle Fultz","ORL","24","6-4","209","Washington","USA","2017","1","1","47.0","13.6","4.0","5.5","-4.6","4.2","9.7","20.4","56.1","28.2"
"Markieff Morris","DAL","33","6-9","245","Kansas","USA","2011","1","13","31.0","3.3","2.0","0.8","5.0","4.4","14.8","14.5","55.8","11.1"
"Marko Simonovic","CHI","23","7-0","220","None","Montenegro","2020","2","44","3.0","0.0","0.0","0.0","-28.0","0.0","0.0","7.7","0.0","0.0"
"Marvin Bagley III","DET","23","6-10","235","Duke","USA","2018","1","2","33.0","11.3","6.7","0.7","-11.1","10.7","19.2","20.2","57.7","5.2"
"Mason Plumlee","LAC","33","7-0","254","Duke","USA","2013","1","22","66.0","11.7","9.5","3.4","-6.6","10.6","24.2","15.3","68.5","17.3"
"Matisse Thybulle","POR","26","6-5","201","Washington","USA","2019","1","20","61.0","3.6","1.8","0.7","4.5","3.7","7.9","9.5","56.1","5.8"
"Matt Ryan","MIN","25","6-6","215","Tennessee-Chattanooga","USA","Undrafted","Undrafted","Undrafted","32.0","3.8","0.8","0.5","2.6","1.4","6.5","16.0","54.3","6.5"
"Matthew Dellavedova","SAC","32","6-3","200","St. Mary's","Australia","Undrafted","Undrafted","Undrafted","27.0","1.4","0.4","1.3","-10.5","0.6","5.4","12.6","42.0","28.8"
"Max Christie","LAL","20","6-5","190","Michigan State","USA","2022","2","35","37.0","3.5","2.0","0.5","-7.0","1.2","12.5","10.1","57.1","5.0"
"Max Strus","MIA","26","6-5","215","DePaul","USA","Undrafted","Undrafted","Undrafted","67.0","11.9","3.4","2.1","-3.3","2.3","9.9","17.2","55.0","11.4"
"Maxi Kleber","DAL","31","6-10","240","None","Germany","Undrafted","Undrafted","Undrafted","26.0","6.3","3.8","1.2","1.4","3.3","12.1","9.7","61.8","6.7"
"McKinley Wright IV","DAL","24","5-11","192","Colorado","USA","Undrafted","Undrafted","Undrafted","21.0","2.9","1.4","2.0","-7.0","2.7","10.1","13.3","53.8","27.8"
"Meyers Leonard","MIL","31","7-0","260","Illinois","USA","2012","1","11","5.0","2.8","2.0","0.0","0.0","5.7","19.5","15.9","64.3","0.0"
"Mfiondu Kabengele","BOS","25","6-10","250","Florida State","Canada","2019","1","27","2.0","1.0","2.5","0.0","-4.2","21.4","16.7","9.7","50.0","0.0"
"Micah Potter","UTA","24","6-8","248","Wisconsin","USA","Undrafted","Undrafted","Undrafted","3.0","1.3","1.0","0.7","3.3","6.7","10.5","5.3","100","20.0"
"Michael Foster Jr.","PHI","20","6-8","250","None","USA","Undrafted","Undrafted","Undrafted","1.0","0.0","0.0","0.0","-100.0","0.0","0.0","0.0","0.0","0.0"
"Michael Porter Jr.","DEN","24","6-10","218","Missouri","USA","2018","1","14","51.0","17.1","5.3","1.0","12.0","3.6","14.8","21.7","62.4","4.6"
"Mikal Bridges","BKN","26","6-6","209","Villanova","USA","2018","1","10","69.0","18.8","4.4","3.4","0.2","2.8","9.4","20.5","59.1","14.2"
"Mike Conley","MIN","35","6-1","175","Ohio State","USA","2007","1","4","53.0","10.7","2.6","7.2","0.6","1.5","7.3","15.7","54.9","31.6"
"Mike Muscala","BOS","31","6-11","240","Bucknell","USA","2013","2","44","52.0","6.1","3.1","0.8","7.9","3.3","16.2","14.8","59.4","6.7"
"Miles McBride","NYK","22","6-2","195","West Virginia","USA","2021","2","36","55.0","3.3","0.8","1.1","6.9","1.8","4.8","13.7","46.4","12.9"
"Mitchell Robinson","NYK","24","7-0","240","Western Kentucky","USA","2018","2","36","48.0","7.6","9.2","0.8","6.3","15.3","17.2","10.0","66.9","4.1"
"Mo Bamba","LAL","24","7-0","231","Texas","USA","2018","1","6","47.0","6.8","4.7","1.0","1.6","7.4","19.8","16.6","60.5","8.7"
"Monte Morris","WAS","27","6-2","183","Iowa State","USA","2017","2","51","54.0","10.2","3.4","5.2","-0.1","1.5","10.6","15.1","58.4","24.7"
"Montrezl Harrell","PHI","29","6-7","240","Louisville","USA","2015","2","32","51.0","5.5","2.7","0.6","0.4","9.7","12.6","17.2","63.3","7.4"
"Moritz Wagner","ORL","25","6-11","245","Michigan","Germany","2018","1","25","47.0","11.1","4.8","1.6","-2.3","6.0","16.9","20.0","62.6","11.9"
"Moses Brown","NYK","23","7-2","245","UCLA","USA","Undrafted","Undrafted","Undrafted","34.0","4.6","4.1","0.1","4.5","17.0","26.9","19.1","60.7","2.1"
"Moses Moody","GSW","20","6-5","211","Arkansas","USA","2021","1","14","51.0","4.6","1.6","0.8","-3.1","3.3","8.5","14.2","56.7","8.6"
"Moussa Diabate","LAC","21","6-10","210","Michigan","France","2022","2","43","18.0","2.9","2.5","0.2","-3.3","14.1","10.1","12.4","56.3","2.5"
"Myles Turner","IND","26","6-11","250","Texas","USA","2015","1","11","57.0","18.0","7.6","1.3","0.1","4.9","20.5","22.4","65.1","6.9"
"Naji Marshall","NOP","25","6-7","220","Xavier","USA","Undrafted","Undrafted","Undrafted","63.0","9.5","3.8","2.6","0.2","2.7","12.9","16.7","54.1","14.1"
"Nassir Little","POR","23","6-5","220","North Carolina","USA","2019","1","25","47.0","6.4","2.7","1.0","-5.5","2.9","13.2","14.6","59.0","8.1"
"Nathan Knight","MIN","25","6-8","253","William & Mary","USA","Undrafted","Undrafted","Undrafted","34.0","3.8","1.5","0.4","-1.3","7.4","11.2","17.3","66.1","6.8"
"Naz Reid","MIN","23","6-9","264","Louisiana State","USA","Undrafted","Undrafted","Undrafted","60.0","10.6","4.9","1.1","-3.4","6.3","20.5","23.4","61.0","9.7"
"Neemias Queta","SAC","23","7-0","248","Utah State","Portugal","2021","2","39","4.0","3.0","2.3","0.3","-49.6","12.5","20.0","14.9","67.6","8.3"
"Nerlens Noel","BKN","28","6-10","220","Kentucky","USA","2013","1","6","17.0","2.1","2.7","0.6","-16.8","4.7","18.9","11.3","42.4","7.4"
"Nic Claxton","BKN","23","6-11","215","Georgia","USA","2019","2","31","63.0","12.4","9.1","1.8","4.0","8.9","21.3","15.7","69.4","8.8"
"Nick Richards","CHA","25","7-0","245","Kentucky","Jamaica","2020","2","42","55.0","7.9","5.9","0.5","-3.9","11.4","18.5","15.1","66.6","4.5"
"Nickeil Alexander-Walker","MIN","24","6-5","205","Virginia Tech","Canada","2019","1","17","45.0","6.6","1.8","2.0","-1.6","1.7","9.7","18.5","59.1","18.5"
"Nicolas Batum","LAC","34","6-8","230","None","France","2008","1","25","65.0","6.0","4.2","1.4","3.9","4.0","14.5","11.2","58.1","9.0"
"Nikola Jokic","DEN","28","6-11","284","None","Serbia","2014","2","41","60.0","24.7","12.0","10.0","13.2","7.9","28.7","26.3","69.9","41.4"
"Nikola Jovic","MIA","19","6-10","205","None","Serbia","2022","1","27","15.0","5.5","2.1","0.7","-3.5","4.3","11.9","18.5","53.0","7.6"
"Nikola Vucevic","CHI","32","6-10","260","Southern California","Montenegro","2011","1","16","67.0","17.7","11.3","3.3","-0.4","6.3","27.4","21.7","59.0","14.9"
"Noah Vonleh","BOS","27","6-10","257","Indiana","USA","2014","1","9","23.0","1.1","2.1","0.3","-1.4","11.0","17.4","9.0","50.2","5.1"
"Norman Powell","LAC","29","6-4","215","UCLA","USA","2015","2","46","54.0","16.6","2.9","1.8","-3.9","1.4","9.5","25.0","61.1","11.5"
"O.G. Anunoby","TOR","25","6-7","232","Indiana","United Kingdom","2017","1","23","54.0","16.6","5.2","1.9","1.1","3.8","11.5","19.5","57.1","7.9"
"Obi Toppin","NYK","25","6-9","220","Dayton","USA","2020","1","8","55.0","6.2","2.9","0.8","1.7","3.0","14.7","18.3","52.6","8.0"
"Ochai Agbaji","UTA","22","6-5","215","Kansas","USA","2022","1","14","45.0","5.7","1.8","0.7","1.9","3.6","5.9","12.6","57.5","5.0"
"Olivier Sarr","OKC","24","6-11","240","Kentucky","France","Undrafted","Undrafted","Undrafted","2.0","3.5","2.5","0.0","-8.2","7.1","11.1","12.5","47.0","0.0"
"Omer Yurtseven","MIA","24","6-11","275","Georgetown","Turkey","Undrafted","Undrafted","Undrafted","1.0","0.0","1.0","0.0","25.4","9.1","0.0","5.6","0.0","0.0"
"Onyeka Okongwu","ATL","22","6-9","240","Southern California","USA","2020","1","6","66.0","9.2","7.1","1.0","1.5","10.9","18.8","14.3","65.8","6.0"
"Orlando Robinson","MIA","22","6-10","235","Fresno State","USA","Undrafted","Undrafted","Undrafted","29.0","3.9","4.1","0.7","0.9","10.5","20.7","12.0","57.2","8.0"
"Oshae Brissett","IND","24","6-7","210","Syracuse","Canada","Undrafted","Undrafted","Undrafted","52.0","5.8","3.4","0.6","-0.3","5.5","15.1","14.3","54.0","4.8"
"Otto Porter Jr.","TOR","29","6-8","198","Georgetown","USA","2013","1","3","8.0","5.5","2.4","1.0","-5.0","3.8","9.6","10.4","65.6","7.8"
"Ousmane Dieng","OKC","19","6-9","185","None","France","2022","1","11","25.0","5.7","3.2","1.2","4.0","2.8","14.6","14.9","52.8","9.9"
"P.J. Tucker","PHI","37","6-5","245","Texas","USA","2006","2","35","64.0","3.5","4.0","0.8","3.7","5.5","11.0","6.3","57.0","3.9"
"P.J. Washington","CHA","24","6-7","230","Kentucky","USA","2019","1","12","65.0","15.3","4.9","2.4","-7.4","2.7","11.7","19.4","54.3","10.3"
"PJ Dozier","SAC","26","6-6","205","South Carolina","USA","Undrafted","Undrafted","Undrafted","8.0","0.6","0.4","0.0","3.2","0.0","17.6","17.1","41.7","0.0"
"Paolo Banchero","ORL","20","6-10","250","Duke","USA","2022","1","1","61.0","20.0","6.6","3.7","-4.6","3.5","16.7","27.2","52.7","16.8"
"Pascal Siakam","TOR","28","6-8","230","New Mexico State","Cameroon","2016","1","27","58.0","24.4","7.6","5.9","1.7","4.6","16.8","27.3","56.2","24.9"
"Pat Connaughton","MIL","30","6-5","209","Notre Dame","USA","2015","2","41","49.0","8.0","4.9","1.3","4.0","3.0","14.9","13.6","52.4","6.9"
"Patrick Baldwin Jr.","GSW","20","6-9","220","Wisconsin-Milwaukee","USA","2022","1","28","23.0","5.0","1.5","0.3","-14.6","0.5","18.4","23.3","56.1","5.3"
"Patrick Beverley","CHI","34","6-2","180","Arkansas","USA","2009","2","42","53.0","6.3","3.6","2.8","-0.2","2.7","10.2","10.4","55.5","13.3"
"Patrick Williams","CHI","21","6-7","215","Florida State","USA","2020","1","4","67.0","10.2","4.2","1.3","-3.8","3.6","11.1","15.2","58.4","6.1"
"Patty Mills","BKN","34","6-0","180","St. Mary's","Australia","2009","2","55","38.0","6.1","1.1","1.4","-3.3","1.5","6.4","18.3","56.6","13.8"
"Paul George","LAC","32","6-8","220","Fresno State","USA","2010","1","10","52.0","23.7","6.2","5.2","3.9","2.5","15.7","29.5","59.3","24.2"
"Paul Reed","PHI","23","6-9","210","DePaul","USA","2020","2","58","54.0","3.4","3.4","0.3","-1.4","13.5","21.0","14.4","59.7","4.5"
"Payton Pritchard","BOS","25","6-1","195","Oregon","USA","2020","1","26","45.0","4.7","1.5","1.0","-0.6","3.8","7.9","18.4","50.3","12.9"
"Peyton Watson","DEN","20","6-7","200","UCLA","USA","2022","1","30","14.0","1.6","0.6","0.1","-30.8","6.4","12.8","20.4","55.3","4.0"
"Precious Achiuwa","TOR","23","6-8","225","Memphis","Nigeria","2020","1","20","44.0","9.4","6.1","1.0","-1.7","8.0","20.8","18.5","54.3","6.2"
"Quentin Grimes","NYK","22","6-5","210","Houston","USA","2021","1","25","59.0","9.9","3.2","1.9","3.4","2.3","8.3","13.5","59.0","8.9"
"Quenton Jackson","WAS","24","6-5","173","Texas A&M","USA","Undrafted","Undrafted","Undrafted","3.0","1.7","0.3","0.3","33.3","16.7","0.0","15.0","83.3","16.7"
"R.J. Hampton","DET","22","6-4","175","None","USA","2020","1","24","34.0","5.9","1.6","1.2","-8.1","2.4","8.6","17.5","56.8","13.2"
"RJ Barrett","NYK","22","6-6","214","Duke","Canada","2019","1","3","63.0","19.8","5.2","2.7","-1.9","2.4","12.1","25.6","52.8","12.4"
"Raul Neto","CLE","30","6-2","180","None","Brazil","2013","2","47","42.0","3.0","1.0","1.4","2.3","1.8","7.6","12.2","62.9","19.9"
"Reggie Bullock","DAL","31","6-6","205","North Carolina","USA","2013","1","25","65.0","7.1","3.5","1.4","-0.5","1.7","10.4","9.8","56.5","6.1"
"Reggie Jackson","DEN","32","6-2","208","Boston College","USA","2011","1","24","61.0","10.2","2.1","3.5","-2.7","1.6","6.8","20.3","50.9","21.0"
"Richaun Holmes","SAC","29","6-8","235","Bowling Green","USA","2015","2","37","35.0","3.2","2.0","0.1","-7.4","7.9","15.5","12.0","72.6","2.5"
"Ricky Rubio","CLE","32","6-2","190","None","Spain","2009","1","5","22.0","5.3","2.3","3.4","5.9","1.6","12.1","17.4","45.7","29.7"
"Robert Covington","LAC","32","6-7","209","Tennessee State","USA","Undrafted","Undrafted","Undrafted","38.0","5.7","3.6","1.2","-1.3","3.8","16.8","14.7","54.6","10.9"
"Robert Williams III","BOS","25","6-9","237","Texas A&M","USA","2018","1","27","28.0","8.4","8.6","1.5","9.9","12.6","21.3","11.3","74.6","9.1"
"Robin Lopez","CLE","34","7-0","281","Stanford","USA","2008","1","15","34.0","2.7","1.3","0.4","-6.6","8.3","9.6","15.1","68.6","8.9"
"Rodney McGruder","DET","31","6-4","205","Kansas State","USA","Undrafted","Undrafted","Undrafted","27.0","4.0","1.6","0.7","-0.2","3.2","9.1","11.9","56.0","7.2"
"Romeo Langford","SAS","23","6-5","216","Indiana","USA","2019","1","14","34.0","7.1","2.8","1.3","-7.2","6.2","7.0","14.7","53.0","8.6"
"Ron Harper Jr.","TOR","22","6-5","245","Rutgers","USA","Undrafted","Undrafted","Undrafted","4.0","2.5","0.5","0.0","29.4","6.7","7.1","21.9","71.4","0.0"
"Royce O'Neale","BKN","29","6-6","226","Baylor","USA","Undrafted","Undrafted","Undrafted","64.0","9.0","5.0","3.7","1.1","2.5","12.4","13.4","53.8","15.0"
"Rudy Gay","UTA","36","6-8","250","Connecticut","USA","2006","1","8","52.0","5.0","3.0","1.0","3.8","4.2","15.2","16.9","46.3","9.2"
"Rudy Gobert","MIN","30","7-1","258","None","France","2013","1","27","56.0","13.7","11.6","1.0","-0.2","10.8","26.0","16.1","68.8","4.6"
"Rui Hachimura","LAL","25","6-8","230","Gonzaga","Japan","2019","1","9","50.0","11.9","4.6","1.0","-2.1","3.4","13.6","19.8","55.4","6.1"
"Russell Westbrook","LAC","34","6-3","200","UCLA","USA","2008","1","4","60.0","15.6","5.9","7.5","-0.6","3.6","15.7","26.9","50.3","36.7"
"Ryan Arcidiacono","POR","28","6-3","195","Villanova","USA","Undrafted","Undrafted","Undrafted","15.0","1.1","0.7","0.6","-20.4","0.0","13.4","9.8","50.0","15.3"
"Ryan Rollins","GSW","20","6-3","180","Toledo","USA","2022","2","44","12.0","1.9","1.0","0.5","-38.1","4.3","15.3","26.0","50.8","21.4"
"Saben Lee","PHX","23","6-2","183","Vanderbilt","USA","2020","2","38","22.0","5.3","1.7","2.5","-1.4","3.3","8.2","17.5","53.8","28.5"
"Saddiq Bey","ATL","23","6-7","215","Villanova","USA","2020","1","19","63.0","14.3","4.5","1.5","-5.1","3.8","12.2","19.5","56.8","7.7"
"Sam Hauser","BOS","25","6-7","217","Virginia","USA","Undrafted","Undrafted","Undrafted","66.0","6.2","2.5","0.7","7.0","2.7","12.4","13.9","64.1","6.6"
"Sam Merrill","CLE","26","6-4","205","Utah State","USA","2020","2","60","1.0","2.0","0.0","0.0","-62.5","0.0","0.0","25.0","50.0","0.0"
"Sandro Mamukelashvili","SAS","23","6-10","240","Seton Hall","Georgia","2021","2","54","28.0","3.1","2.6","0.6","-9.8","7.3","18.4","15.3","47.3","9.8"
"Santi Aldama","MEM","22","7-0","215","Loyola-Maryland","Spain","2021","1","30","63.0","9.3","4.6","1.2","2.4","4.2","15.4","15.8","59.4","7.2"
"Scottie Barnes","TOR","21","6-8","225","Florida State","USA","2021","1","4","65.0","15.6","7.0","4.8","2.2","6.3","14.1","20.1","52.5","19.4"
"Scotty Pippen Jr.","LAL","22","6-1","170","Vanderbilt","USA","Undrafted","Undrafted","Undrafted","6.0","2.3","0.7","0.3","-1.5","5.0","5.7","23.1","43.9","12.5"
"Serge Ibaka","MIL","33","6-11","235","None","Democratic Republic of the Congo","2008","1","24","16.0","4.1","2.8","0.3","-6.5","7.3","15.3","15.9","55.3","3.6"
"Seth Curry","BKN","32","6-1","185","Duke","USA","Undrafted","Undrafted","Undrafted","50.0","9.9","1.8","1.8","-2.6","1.3","7.1","18.8","59.1","12.5"
"Shaedon Sharpe","POR","19","6-5","200","Kentucky","Canada","2022","1","7","67.0","7.9","2.6","0.7","-5.1","3.9","9.1","16.3","56.1","5.3"
"Shai Gilgeous-Alexander","OKC","24","6-6","195","Kentucky","Canada","2018","1","11","57.0","31.2","4.8","5.6","3.5","2.4","10.6","31.8","62.5","25.1"
"Shake Milton","PHI","26","6-5","205","Southern Methodist","USA","2018","2","54","63.0","8.5","2.5","2.8","3.7","2.4","10.2","17.8","58.6","19.8"
"Simone Fontecchio","UTA","27","6-7","209","None","Italy","Undrafted","Undrafted","Undrafted","39.0","4.6","1.3","0.7","-15.7","4.1","6.4","18.0","48.9","8.2"
"Spencer Dinwiddie","BKN","29","6-5","215","Colorado","USA","2014","2","38","66.0","17.8","3.3","5.7","-1.5","1.1","8.9","22.3","58.7","26.9"
"Stanley Johnson","SAS","26","6-6","242","Arizona","USA","2015","1","8","30.0","5.8","3.2","2.2","-7.0","4.7","15.0","14.8","62.5","17.9"
"Stanley Umude","DET","23","6-6","210","Arkansas","USA","Undrafted","Undrafted","Undrafted","1.0","2.0","0.0","0.0","95.0","0.0","0.0","50.0","53.2","0.0"
"Stephen Curry","GSW","34","6-2","185","Davidson","USA","2009","1","7","42.0","29.8","6.2","6.3","4.7","1.8","15.3","29.7","66.6","27.7"
"Sterling Brown","LAL","28","6-5","219","Southern Methodist","USA","2017","2","46","4.0","0.0","2.0","0.5","0.4","9.1","15.2","6.1","0.0","7.7"
"Steven Adams","MEM","29","6-11","265","Pittsburgh","New Zealand","2013","1","12","42.0","8.6","11.5","2.3","9.7","17.1","22.2","13.9","56.4","10.7"
"Svi Mykhailiuk","CHA","25","6-7","205","Kansas","Ukraine","2018","2","47","20.0","2.8","0.7","0.4","9.5","1.5","7.9","15.5","59.3","7.4"
"T.J. McConnell","IND","30","6-1","190","Arizona","USA","2015","0","","64.0","7.8","3.0","5.0","-4.1","2.9","11.9","17.3","57.5","38.7"
"T.J. Warren","PHX","29","6-8","220","North Carolina State","USA","2014","1","14","32.0","8.0","2.7","0.9","0.7","3.4","12.6","19.4","56.8","7.7"
"Taj Gibson","WAS","37","6-9","232","Southern California","USA","2009","1","26","42.0","3.3","2.0","0.7","3.6","7.5","15.0","15.1","57.5","9.4"
"Talen Horton-Tucker","UTA","22","6-4","234","Iowa State","USA","2019","2","46","54.0","9.0","2.8","3.2","3.0","2.2","11.6","22.8","51.6","25.3"
"Tari Eason","HOU","21","6-8","215","Louisiana State","USA","2022","1","17","67.0","9.2","5.8","1.0","-5.4","10.0","17.2","18.7","53.6","7.6"
"Taurean Prince","MIN","28","6-6","218","Baylor","USA","2016","1","12","42.0","8.7","2.4","1.6","-0.2","1.4","9.5","16.2","60.5","10.2"
"Terance Mann","LAC","26","6-5","215","Florida State","USA","2019","2","48","68.0","9.0","3.6","2.3","-1.0","4.1","11.2","14.9","62.2","14.1"
"Terence Davis","SAC","25","6-4","201","Mississippi","USA","Undrafted","Undrafted","Undrafted","52.0","6.7","2.3","1.1","5.9","2.7","14.8","20.8","57.9","11.3"
"Terrence Ross","PHX","32","6-7","206","Washington","USA","2012","1","8","48.0","8.5","2.1","1.3","-2.1","1.3","8.0","16.1","55.8","8.6"
"Terry Rozier","CHA","28","6-1","190","Louisville","USA","2015","1","16","59.0","21.4","4.2","5.0","-5.9","2.2","9.5","26.1","51.8","21.4"
"Terry Taylor","CHI","23","6-4","230","Austin Peay","USA","Undrafted","Undrafted","Undrafted","28.0","2.6","1.4","0.4","-1.2","8.0","7.5","12.7","52.1","5.8"
"Thaddeus Young","TOR","34","6-8","235","Georgia Tech","USA","2007","1","12","54.0","4.4","3.1","1.4","-5.6","8.3","13.6","13.1","57.3","13.3"
"Thanasis Antetokounmpo","MIL","30","6-7","219","None","Greece","2014","2","51","28.0","0.6","1.0","0.1","-24.3","8.0","16.8","12.4","31.3","5.5"
"Theo Maledon","CHA","21","6-5","175","None","France","2020","2","34","36.0","5.6","2.4","2.4","-10.1","1.4","13.2","15.1","55.1","20.4"
"Theo Pinson","DAL","27","6-7","212","North Carolina","USA","Undrafted","Undrafted","Undrafted","35.0","1.8","1.1","0.8","-8.7","3.2","13.2","12.9","49.4","17.4"
"Thomas Bryant","DEN","25","6-10","248","Indiana","USA","2017","2","42","52.0","10.6","6.2","0.6","-4.4","8.1","22.7","18.0","69.4","4.4"
"Tim Hardaway Jr.","DAL","30","6-5","205","Michigan","USA","2013","1","24","62.0","14.4","3.6","1.8","4.1","1.2","11.0","20.3","54.7","8.6"
"Tobias Harris","PHI","30","6-7","226","Tennessee","USA","2011","1","19","62.0","14.8","5.8","2.5","5.3","3.0","15.1","18.1","59.0","11.3"
"Tony Bradley","CHI","25","6-11","248","North Carolina","USA","2017","1","28","12.0","1.6","0.9","0.1","9.9","2.9","27.8","17.4","69.0","4.2"
"Torrey Craig","PHX","32","6-7","221","South Carolina Upstate","USA","Undrafted","Undrafted","Undrafted","64.0","7.4","5.6","1.5","-4.6","7.6","14.5","12.9","55.6","8.1"
"Trae Young","ATL","24","6-1","164","Oklahoma","USA","2018","1","5","61.0","26.8","3.0","10.1","1.9","2.1","6.3","31.8","57.3","41.3"
"Tre Jones","SAS","23","6-1","185","Duke","USA","2020","2","41","55.0","12.6","3.5","6.2","-8.4","2.6","9.8","19.4","51.6","29.4"
"Tre Mann","OKC","22","6-3","178","Florida","USA","2021","1","18","58.0","7.9","2.3","1.7","1.4","2.0","10.1","20.1","48.7","13.6"
"Trendon Watford","POR","22","6-8","237","Louisiana State","USA","Undrafted","Undrafted","Undrafted","51.0","6.1","3.6","1.9","-5.4","4.0","17.5","14.5","63.4","15.7"
"Trent Forrest","ATL","24","6-4","210","Florida State","USA","Undrafted","Undrafted","Undrafted","18.0","2.8","1.6","1.7","-11.0","2.1","10.3","10.9","48.7","17.8"
"Trevelin Queen","IND","26","6-6","190","New Mexico State","USA","Undrafted","Undrafted","Undrafted","7.0","3.0","2.4","0.9","9.2","8.6","13.8","19.4","33.7","10.9"
"Trevor Hudgins","HOU","23","6-0","180","Northwest Missouri State","USA","Undrafted","Undrafted","Undrafted","5.0","1.8","0.0","0.6","7.0","0.0","0.0","17.7","43.6","17.6"
"Trevor Keels","NYK","19","6-4","221","Duke","USA","2022","2","42","2.0","1.5","1.0","0.0","-70.0","0.0","33.3","30.0","50.0","0.0"
"Trey Lyles","SAC","27","6-9","234","Kentucky","Canada","2015","1","12","60.0","8.0","3.9","0.9","4.4","5.7","17.8","17.7","63.8","7.5"
"Trey Murphy III","NOP","22","6-8","206","Virginia","USA","2021","1","17","65.0","13.3","3.7","1.4","-1.4","2.8","9.8","15.5","63.7","6.5"
"Troy Brown Jr.","LAL","23","6-7","215","Oregon","USA","2018","1","15","62.0","7.2","4.2","1.2","-0.6","3.6","12.3","12.0","55.5","6.2"
"Ty Jerome","GSW","25","6-5","195","Virginia","USA","2019","1","24","44.0","7.0","1.8","3.1","-5.4","0.9","9.1","14.7","59.4","23.3"
"TyTy Washington Jr.","HOU","21","6-3","195","Kentucky","USA","2022","1","29","29.0","4.7","1.4","1.6","-7.7","0.4","9.8","17.5","42.8","16.5"
"Tyler Dorsey","DAL","27","6-4","180","Oregon","USA","2017","2","41","3.0","3.0","0.7","0.0","7.0","10.0","10.0","22.7","90.0","0.0"
"Tyler Herro","MIA","23","6-5","195","Kentucky","USA","2019","1","13","55.0","20.3","5.7","4.3","1.8","1.4","15.7","25.2","55.8","19.6"
"Tyrese Haliburton","IND","23","6-5","185","Iowa State","USA","2020","1","12","54.0","20.8","3.7","10.4","-0.6","1.8","9.2","23.8","62.3","45.6"
"Tyrese Martin","ATL","24","6-6","215","Connecticut","USA","2022","2","51","13.0","1.2","0.5","0.0","5.4","4.0","9.5","17.0","44.4","0.0"
"Tyrese Maxey","PHI","22","6-2","200","Kentucky","USA","2020","1","21","48.0","19.8","2.7","3.4","5.0","1.3","7.4","24.0","58.6","16.4"
"Tyus Jones","MEM","26","6-2","196","Duke","USA","2015","1","24","66.0","10.1","2.3","4.8","2.1","1.4","7.6","17.6","54.6","27.6"
"Udoka Azubuike","UTA","23","6-11","270","Kansas","Nigeria","2020","1","27","26.0","1.9","2.2","0.2","-9.1","9.6","23.5","11.1","76.9","5.5"
"Udonis Haslem","MIA","42","6-7","235","Florida","USA","Undrafted","Undrafted","Undrafted","6.0","0.5","1.3","0.0","-19.9","6.6","10.8","11.1","11.6","0.0"
"Usman Garuba","HOU","21","6-8","229","None","Spain","2021","1","23","60.0","3.2","4.3","0.9","-12.0","10.8","20.5","9.7","61.2","10.1"
"Vernon Carey Jr.","WAS","22","6-10","270","Duke","USA","2020","2","32","11.0","0.5","1.0","0.3","-17.3","8.1","29.6","14.7","33.8","21.4"
"Victor Oladipo","MIA","30","6-3","213","Indiana","USA","2013","1","2","36.0","10.3","3.3","3.5","-2.1","1.4","11.3","19.6","49.7","20.0"
"Vince Williams Jr.","MEM","22","6-4","205","Virginia Commonwealth","USA","2022","2","47","11.0","0.9","0.6","0.3","-20.7","2.8","12.2","11.3","35.7","10.3"
"Vit Krejci","ATL","22","6-8","195","None","Czech Republic","2020","2","37","22.0","1.3","0.6","0.5","-2.0","1.7","11.0","11.8","46.9","12.5"
"Vlatko Cancar","DEN","25","6-8","236","None","Slovenia","2017","2","49","49.0","5.6","2.3","1.5","-2.4","2.8","12.0","13.5","62.1","12.7"
"Walker Kessler","UTA","21","7-0","245","Auburn","USA","2022","1","22","64.0","8.6","8.3","0.8","3.7","13.6","20.9","12.7","70.7","5.2"
"Wendell Carter Jr.","ORL","23","6-10","270","Duke","USA","2018","1","7","45.0","15.3","8.8","2.4","-1.3","7.9","22.0","21.0","61.6","12.7"
"Wendell Moore Jr.","MIN","21","6-5","215","Duke","USA","2022","1","26","25.0","1.5","0.6","0.7","-14.4","1.4","9.0","13.8","46.1","16.2"
"Wenyen Gabriel","LAL","25","6-9","205","Kentucky","South Sudan","Undrafted","Undrafted","Undrafted","54.0","5.8","3.9","0.5","-1.6","10.2","14.4","14.1","64.3","4.4"
"Wesley Matthews","MIL","36","6-5","220","Marquette","USA","Undrafted","Undrafted","Undrafted","39.0","3.2","2.2","0.5","5.2","4.7","8.5","9.5","49.7","4.2"
"Will Barton","TOR","32","6-5","181","Memphis","USA","2012","2","40","45.0","7.1","2.5","2.2","-10.0","1.1","12.7","18.3","50.3","17.4"
"Willy Hernangomez","NOP","28","6-11","250","None","Spain","2015","2","35","34.0","7.3","5.0","0.9","1.5","12.1","25.4","22.1","60.9","11.6"
"Xavier Tillman","MEM","24","6-7","245","Michigan State","USA","2020","2","35","47.0","6.2","4.7","1.4","-1.0","10.1","15.4","13.8","60.1","11.0"
"Yuta Watanabe","BKN","28","6-8","215","George Washington","Japan","Undrafted","Undrafted","Undrafted","46.0","6.3","2.6","0.8","-0.3","3.5","11.1","12.6","65.4","6.5"
"Zach Collins","SAS","25","6-11","250","Gonzaga","USA","2017","1","10","55.0","10.6","6.2","2.7","-9.2","7.9","19.1","20.2","59.4","18.1"
"Zach LaVine","CHI","28","6-5","200","UCLA","USA","2014","1","13","63.0","24.9","4.8","4.0","0.2","1.6","11.4","27.8","60.7","17.3"
"Zeke Nnaji","DEN","22","6-9","240","Arizona","USA","2020","1","22","44.0","5.1","2.3","0.3","-6.8","9.2","7.8","14.2","63.4","3.0"
"Ziaire Williams","MEM","21","6-9","185","Stanford","USA","2021","1","10","34.0","5.1","2.1","0.7","-5.4","2.7","10.6","16.8","49.6","6.7"
"Zion Williamson","NOP","22","6-6","284","Duke","USA","2019","1","1","29.0","26.0","7.0","4.6","7.8","6.0","14.8","28.8","65.2","23.1"